filename,width,height,class,xmin,ymin,xmax,ymax
Using Personal Protection Equipment (PPE) 072.png,1280,720,Coverall,549,186,852,720
Using Personal Protection Equipment (PPE) 072.png,1280,720,Face_Shield,653,105,744,208
Using Personal Protection Equipment (PPE) 072.png,1280,720,Mask,668,155,739,208
gv.png,650,321,Goggles,97,62,159,90
gv.png,650,321,Mask,98,79,156,124
gv.png,650,321,Mask,276,112,359,164
gv.png,650,321,Mask,494,125,531,149
gv.png,650,321,Gloves,391,117,472,189
gv.png,650,321,Coverall,33,2,232,317
gv.png,650,321,Coverall,195,103,482,320
gv.png,650,321,Coverall,456,4,650,319
cxj.png,1024,576,Gloves,519,449,722,562
cxj.png,1024,576,Mask,240,134,389,257
cxj.png,1024,576,Face_Shield,197,19,432,289
cxj.png,1024,576,Coverall,58,10,520,575
snap08871.png,1920,1088,Mask,973,240,1070,363
snap08871.png,1920,1088,Face_Shield,925,173,1117,378
snap08871.png,1920,1088,Coverall,733,355,1350,950
How to properly wear personal protective equipment for airborne contaminants 183.png,1280,720,Coverall,667,236,1106,720
frame05371.png,1920,1088,Gloves,606,765,755,1015
frame05371.png,1920,1088,Goggles,876,315,1130,427
frame05371.png,1920,1088,Gloves,1209,794,1352,1051
frame05371.png,1920,1088,Mask,894,362,1102,548
frame05371.png,1920,1088,Coverall,474,119,1523,1085
aw.png,1200,800,Gloves,439,658,494,745
aw.png,1200,800,Gloves,709,639,755,741
aw.png,1200,800,Mask,547,175,647,262
aw.png,1200,800,Coverall,414,54,774,797
frame05361.png,1920,1088,Mask,898,363,1103,548
frame05361.png,1920,1088,Goggles,880,319,1125,421
frame05361.png,1920,1088,Gloves,592,831,744,1083
frame05361.png,1920,1088,Gloves,1205,896,1335,1086
frame05361.png,1920,1088,Coverall,515,118,1517,1086
Using Personal Protection Equipment (PPE) 124.png,1280,720,Coverall,531,114,950,720
Using Personal Protection Equipment (PPE) 124.png,1280,720,Mask,696,168,814,251
snap08381.png,1920,1088,Gloves,1123,732,1250,883
snap08381.png,1920,1088,Gloves,916,374,1034,499
snap08381.png,1920,1088,Mask,961,187,1057,307
snap08381.png,1920,1088,Face_Shield,926,117,1103,323
snap08381.png,1920,1088,Coverall,716,57,1333,954
frame05391.png,1920,1088,Gloves,875,324,1129,431
frame05391.png,1920,1088,Mask,896,367,1105,553
frame05391.png,1920,1088,Gloves,1193,817,1334,1055
frame05391.png,1920,1088,Gloves,620,765,765,1014
frame05391.png,1920,1088,Coverall,492,117,1519,1085
frame05671.png,1920,1088,Gloves,1262,780,1438,913
frame05671.png,1920,1088,Gloves,1183,700,1307,800
frame05671.png,1920,1088,Goggles,997,308,1100,378
frame05671.png,1920,1088,Mask,959,346,1064,412
frame05671.png,1920,1088,Coverall,682,130,1264,1086
Demonstration of Donning (Putting On) Personal Protective Equipment (PPE) 153.png,1280,720,Coverall,452,392,1160,720
Demonstration of Donning (Putting On) Personal Protective Equipment (PPE) 153.png,1280,720,Mask,585,279,727,446
58i.png,999,599,Mask,478,282,624,457
58i.png,999,599,Goggles,447,223,589,300
58i.png,999,599,Gloves,239,210,452,446
58i.png,999,599,Gloves,568,204,782,487
58i.png,999,599,Coverall,115,29,997,594
frame05471.png,1920,1088,Gloves,1450,937,1580,1062
frame05471.png,1920,1088,Gloves,1203,863,1346,989
frame05471.png,1920,1088,Goggles,1337,396,1456,446
frame05471.png,1920,1088,Mask,1307,419,1406,478
frame05471.png,1920,1088,Coverall,926,214,1523,1083
gse.png,700,814,Mask,220,335,513,574
jd.png,350,350,Gloves,34,47,181,316
jd.png,350,350,Goggles,159,98,312,162
jd.png,350,350,Mask,172,118,298,235
jd.png,350,350,Coverall,18,1,348,348
Using Personal Protection Equipment (PPE) 055.png,1280,720,Coverall,615,214,913,720
Using Personal Protection Equipment (PPE) 055.png,1280,720,Mask,680,177,792,236
How to properly wear personal protective equipment for airborne contaminants 273.png,1280,720,Coverall,432,500,1191,720
How to properly wear personal protective equipment for airborne contaminants 273.png,1280,720,Mask,658,268,814,443
How to properly wear personal protective equipment for airborne contaminants 269.png,1280,720,Coverall,367,474,1196,720
How to properly wear personal protective equipment for airborne contaminants 269.png,1280,720,Mask,640,301,783,492
frame05701.png,1920,1088,Gloves,1316,685,1493,803
frame05701.png,1920,1088,Gloves,1198,662,1321,749
frame05701.png,1920,1088,Goggles,1053,317,1173,387
frame05701.png,1920,1088,Mask,1030,348,1128,415
frame05701.png,1920,1088,Coverall,753,130,1251,1085
ge.png,600,338,Mask,118,50,154,73
ge.png,600,338,Goggles,110,34,161,57
ge.png,600,338,Gloves,194,137,239,170
ge.png,600,338,Coverall,25,6,216,336
ge.png,600,338,Goggles,271,48,307,68
ge.png,600,338,Mask,275,61,307,86
ge.png,600,338,Coverall,229,25,348,164
ge.png,600,338,Goggles,356,57,420,92
ge.png,600,338,Mask,371,86,412,105
ge.png,600,338,Gloves,338,247,366,284
ge.png,600,338,Gloves,517,239,554,299
ge.png,600,338,Coverall,335,8,552,337
frame05141.png,1920,1088,Goggles,823,301,1128,500
frame05141.png,1920,1088,Mask,837,409,1082,636
frame05141.png,1920,1088,Gloves,591,295,873,601
frame05141.png,1920,1088,Gloves,1074,281,1329,599
frame05141.png,1920,1088,Coverall,292,535,1674,1082
gtuyk.png,900,577,Gloves,305,383,386,432
gtuyk.png,900,577,Gloves,556,403,643,465
gtuyk.png,900,577,Mask,488,118,572,188
gtuyk.png,900,577,Face_Shield,459,59,612,223
gtuyk.png,900,577,Coverall,370,12,736,577
Demonstration of Donning (Putting On) Personal Protective Equipment (PPE) 203.png,1280,720,Coverall,391,275,881,720
Demonstration of Donning (Putting On) Personal Protective Equipment (PPE) 203.png,1280,720,Face_Shield,537,95,720,251
Demonstration of Donning (Putting On) Personal Protective Equipment (PPE) 203.png,1280,720,Mask,594,146,687,253
Demonstration of Donning (Putting On) Personal Protective Equipment (PPE) 103.png,1280,720,Coverall,374,299,836,720
Demonstration of Donning (Putting On) Personal Protective Equipment (PPE) 011.png,1280,720,Coverall,502,178,736,578
Demonstration of Donning (Putting On) Personal Protective Equipment (PPE) 011.png,1280,720,Gloves,702,408,740,492
Demonstration of Donning (Putting On) Personal Protective Equipment (PPE) 011.png,1280,720,Gloves,488,412,532,501
Demonstration of Donning (Putting On) Personal Protective Equipment (PPE) 011.png,1280,720,Face_Shield,587,95,670,181
Demonstration of Donning (Putting On) Personal Protective Equipment (PPE) 011.png,1280,720,Mask,611,131,657,178
ghs.png,500,300,Gloves,136,213,197,292
ghs.png,500,300,Gloves,197,224,264,293
ghs.png,500,300,Mask,232,70,297,127
ghs.png,500,300,Face_Shield,212,20,317,112
ghs.png,500,300,Coverall,79,5,391,300
frame05151.png,1920,1088,Goggles,812,303,1128,512
frame05151.png,1920,1088,Mask,829,414,1080,636
frame05151.png,1920,1088,Gloves,598,317,883,604
frame05151.png,1920,1088,Gloves,1070,314,1315,608
frame05151.png,1920,1088,Coverall,296,549,1660,1088
Using Personal Protection Equipment (PPE) 156.png,1280,720,Mask,691,131,824,229
frame06241.png,1920,1088,Gloves,750,521,846,701
frame06241.png,1920,1088,Gloves,1124,546,1219,703
frame06241.png,1920,1088,Mask,939,249,1071,386
frame06241.png,1920,1088,Goggles,919,210,1085,298
frame06241.png,1920,1088,Coverall,697,109,1343,1083
Using Personal Protection Equipment (PPE) 062.png,1280,720,Coverall,611,196,874,711
Demonstration of Donning (Putting On) Personal Protective Equipment (PPE) 202.png,1280,720,Coverall,375,270,922,720
Demonstration of Donning (Putting On) Personal Protective Equipment (PPE) 202.png,1280,720,Face_Shield,583,134,748,301
Demonstration of Donning (Putting On) Personal Protective Equipment (PPE) 202.png,1280,720,Mask,619,209,723,285
frame06531.png,1920,1088,Gloves,438,464,511,576
frame06531.png,1920,1088,Gloves,729,467,787,577
frame06531.png,1920,1088,Gloves,871,431,939,549
frame06531.png,1920,1088,Gloves,1174,451,1253,563
frame06531.png,1920,1088,Mask,583,342,652,421
frame06531.png,1920,1088,Mask,1021,233,1112,323
frame06531.png,1920,1088,Goggles,1014,204,1123,264
frame06531.png,1920,1088,Coverall,855,128,1303,1081
frame06531.png,1920,1088,Coverall,392,244,844,1083
Demonstration of Donning (Putting On) Personal Protective Equipment (PPE) 213.png,1280,720,Coverall,398,238,806,711
Demonstration of Donning (Putting On) Personal Protective Equipment (PPE) 213.png,1280,720,Gloves,578,526,729,601
Demonstration of Donning (Putting On) Personal Protective Equipment (PPE) 213.png,1280,720,Face_Shield,500,147,657,295
Demonstration of Donning (Putting On) Personal Protective Equipment (PPE) 213.png,1280,720,Mask,539,222,614,285
frame04661.png,1920,1088,Mask,820,324,1046,549
frame04661.png,1920,1088,Gloves,584,481,776,760
frame04661.png,1920,1088,Gloves,1083,464,1252,742
frame04661.png,1920,1088,Coverall,297,550,1559,1083
frame05201.png,1920,1088,Gloves,505,740,678,1042
frame05201.png,1920,1088,Gloves,1185,781,1356,1080
frame05201.png,1920,1088,Mask,839,364,1091,613
frame05201.png,1920,1088,Goggles,815,259,1132,455
frame05201.png,1920,1088,Coverall,402,601,1564,1086
fshjs.png,201,500,Mask,80,47,116,78
fshjs.png,201,500,Coverall,1,1,182,498
b.png,1200,800,Goggles,516,439,679,532
b.png,1200,800,Goggles,887,234,1036,323
b.png,1200,800,Goggles,589,194,731,288
b.png,1200,800,Goggles,363,270,472,369
b.png,1200,800,Mask,530,502,646,617
b.png,1200,800,Mask,911,293,1010,352
b.png,1200,800,Mask,589,248,701,340
b.png,1200,800,Mask,401,357,459,412
b.png,1200,800,Coverall,5,163,462,670
b.png,1200,800,Coverall,356,359,716,666
b.png,1200,800,Coverall,376,111,863,571
b.png,1200,800,Coverall,828,106,1199,561
frame04701.png,1920,1088,Gloves,638,708,784,930
frame04701.png,1920,1088,Gloves,1074,733,1215,953
frame04701.png,1920,1088,Mask,839,322,1030,515
frame04701.png,1920,1088,Coverall,467,514,1411,1085
snap07281.png,1920,1088,Mask,864,148,924,224
snap07281.png,1920,1088,Face_Shield,838,99,943,241
snap07281.png,1920,1088,Gloves,759,574,819,691
snap07281.png,1920,1088,Gloves,1002,559,1053,682
snap07281.png,1920,1088,Coverall,743,57,1065,953
eryyi.png,920,613,Mask,349,240,535,455
eryyi.png,920,613,Goggles,284,159,595,312
eryyi.png,920,613,Coverall,34,8,741,612
frame05651.png,1920,1088,Goggles,1153,301,1289,369
frame05651.png,1920,1088,Mask,1133,327,1235,403
frame05651.png,1920,1088,Gloves,1425,733,1584,869
frame05651.png,1920,1088,Gloves,1297,713,1432,824
frame05651.png,1920,1088,Coverall,838,108,1357,1086
jut.png,1300,1065,Mask,161,561,1044,975
jut.png,1300,1065,Goggles,1,13,1297,793
dsz.png,660,371,Mask,239,99,316,159
dsz.png,660,371,Face_Shield,219,37,350,188
dsz.png,660,371,Gloves,423,308,514,361
dsz.png,660,371,Coverall,136,7,425,370
gthy.png,660,450,Gloves,445,289,494,364
gthy.png,660,450,Gloves,418,193,528,294
gthy.png,660,450,Face_Shield,287,92,397,232
gthy.png,660,450,Coverall,131,9,434,449
frame05271.png,1920,1088,Mask,870,369,1101,591
frame05271.png,1920,1088,Goggles,843,268,1137,449
frame05271.png,1920,1088,Gloves,629,109,828,339
frame05271.png,1920,1088,Gloves,1100,60,1297,264
frame05271.png,1920,1088,Coverall,267,96,1719,1086
Demonstration of Donning (Putting On) Personal Protective Equipment (PPE) 199.png,1280,720,Coverall,307,212,961,720
Demonstration of Donning (Putting On) Personal Protective Equipment (PPE) 199.png,1280,720,Face_Shield,515,191,732,361
Demonstration of Donning (Putting On) Personal Protective Equipment (PPE) 199.png,1280,720,Mask,575,295,689,356
snap07271.png,1920,1088,Mask,919,359,1125,627
snap07271.png,1920,1088,Face_Shield,821,219,1191,672
snap07271.png,1920,1088,Gloves,591,112,1001,339
snap07271.png,1920,1088,Gloves,1066,114,1466,346
snap07271.png,1920,1088,Coverall,156,62,1857,954
frame06301.png,1920,1088,Gloves,766,508,860,660
frame06301.png,1920,1088,Gloves,1111,540,1201,673
frame06301.png,1920,1088,Goggles,921,222,1074,305
frame06301.png,1920,1088,Mask,937,262,1057,378
frame06301.png,1920,1088,Coverall,716,124,1314,1086
frame05111.png,1920,1088,Goggles,839,315,1155,519
frame05111.png,1920,1088,Mask,859,428,1101,641
frame05111.png,1920,1088,Gloves,626,313,917,605
frame05111.png,1920,1088,Gloves,1067,326,1315,615
frame05111.png,1920,1088,Coverall,306,533,1680,1085
Using Personal Protection Equipment (PPE) 057.png,1280,720,Face_Shield,572,244,907,524
Using Personal Protection Equipment (PPE) 057.png,1280,720,Mask,635,335,865,529
Using Personal Protection Equipment (PPE) 057.png,1280,720,Coverall,165,370,1261,720
snap00941.png,1920,1088,Gloves,815,541,876,655
snap00941.png,1920,1088,Gloves,1089,522,1141,644
snap00941.png,1920,1088,Face_Shield,924,77,1015,149
snap00941.png,1920,1088,Coverall,806,32,1142,1012
Demonstration of Donning (Putting On) Personal Protective Equipment (PPE) 078 - Copy - Copy.png,1280,720,Coverall,796,170,1142,712
Demonstration of Donning (Putting On) Personal Protective Equipment (PPE) 078 - Copy - Copy.png,1280,720,Goggles,233,499,336,569
Demonstration of Donning (Putting On) Personal Protective Equipment (PPE) 078 - Copy - Copy.png,1280,720,Face_Shield,58,552,244,598
Demonstration of Donning (Putting On) Personal Protective Equipment (PPE) 078 - Copy - Copy.png,1280,720,Mask,67,614,200,638
fse.png,1200,900,Mask,443,345,543,416
fse.png,1200,900,Mask,821,183,933,285
fse.png,1200,900,Face_Shield,417,265,586,446
fse.png,1200,900,Face_Shield,790,108,977,320
fse.png,1200,900,Gloves,377,853,434,899
fse.png,1200,900,Gloves,701,850,782,899
fse.png,1200,900,Gloves,807,776,874,885
fse.png,1200,900,Coverall,354,243,775,896
fse.png,1200,900,Coverall,723,88,1197,899
Demonstration of Donning (Putting On) Personal Protective Equipment (PPE) 201.png,1280,720,Coverall,370,199,925,720
Demonstration of Donning (Putting On) Personal Protective Equipment (PPE) 201.png,1280,720,Face_Shield,578,204,746,340
Demonstration of Donning (Putting On) Personal Protective Equipment (PPE) 201.png,1280,720,Mask,610,273,705,338
rhyj.png,1280,720,Mask,727,312,999,545
rhyj.png,1280,720,Face_Shield,620,22,1140,603
rhyj.png,1280,720,Face_Shield,463,4,599,396
rhyj.png,1280,720,Coverall,627,6,1278,714
rhyj.png,1280,720,Coverall,3,6,863,709
How to properly wear personal protective equipment for airborne contaminants 361.png,1280,720,Coverall,548,16,1024,720
How to properly wear personal protective equipment for airborne contaminants 361.png,1280,720,Gloves,728,424,857,586
Demonstration of Donning (Putting On) Personal Protective Equipment (PPE) 222.png,1280,720,Coverall,459,222,864,720
Demonstration of Donning (Putting On) Personal Protective Equipment (PPE) 222.png,1280,720,Gloves,623,324,702,440
Demonstration of Donning (Putting On) Personal Protective Equipment (PPE) 222.png,1280,720,Gloves,662,396,787,461
Demonstration of Donning (Putting On) Personal Protective Equipment (PPE) 222.png,1280,720,Face_Shield,571,130,732,272
Demonstration of Donning (Putting On) Personal Protective Equipment (PPE) 222.png,1280,720,Mask,609,179,709,253
frame05261.png,1920,1088,Goggles,823,357,1128,542
frame05261.png,1920,1088,Gloves,619,149,805,376
frame05261.png,1920,1088,Gloves,1102,110,1314,321
frame05261.png,1920,1088,Mask,853,468,1091,642
frame05261.png,1920,1088,Coverall,191,177,1775,1088
frame05301.png,1920,1088,Goggles,884,336,1141,439
frame05301.png,1920,1088,Mask,909,364,1117,569
frame05301.png,1920,1088,Gloves,702,321,889,563
frame05301.png,1920,1088,Gloves,1123,312,1334,527
frame05301.png,1920,1088,Coverall,416,110,1625,1083
Demonstration of Donning (Putting On) Personal Protective Equipment (PPE) 211.png,1280,720,Gloves,42,279,487,478
Demonstration of Donning (Putting On) Personal Protective Equipment (PPE) 211.png,1280,720,Coverall,553,52,1280,686
mk.png,1200,800,Face_Shield,549,143,713,352
mk.png,1200,800,Goggles,572,201,636,252
mk.png,1200,800,Mask,582,242,693,338
mk.png,1200,800,Gloves,402,466,518,559
mk.png,1200,800,Gloves,470,611,555,714
mk.png,1200,800,Coverall,524,1,1052,792
Using Personal Protection Equipment (PPE) 050.png,1280,720,Mask,579,346,878,527
Using Personal Protection Equipment (PPE) 050.png,1280,720,Coverall,367,498,1209,720
frame06291.png,1920,1088,Gloves,747,519,846,681
frame06291.png,1920,1088,Gloves,1116,546,1209,690
frame06291.png,1920,1088,Goggles,914,219,1074,303
frame06291.png,1920,1088,Mask,930,258,1062,385
frame06291.png,1920,1088,Coverall,696,117,1328,1086
jruk.png,300,370,Mask,104,90,176,163
jruk.png,300,370,Goggles,84,43,188,106
jruk.png,300,370,Face_Shield,74,20,210,152
jruk.png,300,370,Coverall,1,8,285,368
How to properly wear personal protective equipment for airborne contaminants 179.png,1280,720,Coverall,614,236,970,720
mkh.png,1200,800,Goggles,722,327,831,370
mkh.png,1200,800,Goggles,396,79,497,122
mkh.png,1200,800,Gloves,269,266,383,386
mkh.png,1200,800,Gloves,350,412,433,478
mkh.png,1200,800,Gloves,615,668,689,745
mkh.png,1200,800,Gloves,686,728,755,796
mkh.png,1200,800,Mask,736,346,828,446
mkh.png,1200,800,Mask,431,104,507,156
mkh.png,1200,800,Coverall,364,2,737,477
mkh.png,1200,800,Coverall,539,228,1058,793
frame05451.png,1920,1088,Gloves,1435,880,1579,1007
frame05451.png,1920,1088,Gloves,939,859,1073,980
frame05451.png,1920,1088,Goggles,1203,346,1321,399
frame05451.png,1920,1088,Mask,1178,367,1275,436
frame05451.png,1920,1088,Coverall,798,174,1494,1086
frame06251.png,1920,1088,Gloves,741,524,843,701
frame06251.png,1920,1088,Gloves,1123,553,1216,704
frame06251.png,1920,1088,Goggles,912,214,1078,301
frame06251.png,1920,1088,Mask,930,254,1064,382
frame06251.png,1920,1088,Coverall,691,110,1342,1082
frame05331.png,1920,1088,Mask,900,362,1103,559
frame05331.png,1920,1088,Gloves,805,553,1032,789
frame05331.png,1920,1088,Gloves,1017,533,1233,773
frame05331.png,1920,1088,Goggles,882,317,1134,432
frame05331.png,1920,1088,Coverall,462,118,1511,1082
ffyj.png,760,507,Goggles,170,177,246,232
ffyj.png,760,507,Goggles,345,170,435,220
ffyj.png,760,507,Goggles,591,173,643,209
ffyj.png,760,507,Mask,136,222,234,334
ffyj.png,760,507,Mask,344,213,425,283
ffyj.png,760,507,Mask,564,203,611,246
ffyj.png,760,507,Face_Shield,111,123,280,355
ffyj.png,760,507,Face_Shield,325,143,463,285
ffyj.png,760,507,Face_Shield,563,148,647,271
ffyj.png,760,507,Gloves,442,245,550,336
ffyj.png,760,507,Gloves,613,251,678,320
ffyj.png,760,507,Gloves,649,295,693,355
ffyj.png,760,507,Coverall,1,65,244,506
ffyj.png,760,507,Coverall,245,139,502,505
ffyj.png,760,507,Coverall,464,126,649,503
frame06311.png,1920,1088,Gloves,780,500,878,641
frame06311.png,1920,1088,Gloves,1109,532,1194,662
frame06311.png,1920,1088,Goggles,941,227,1087,305
frame06311.png,1920,1088,Mask,961,265,1076,376
frame06311.png,1920,1088,Coverall,776,133,1329,1086
Using Personal Protection Equipment (PPE) 085.png,1280,720,Coverall,565,186,830,720
Using Personal Protection Equipment (PPE) 085.png,1280,720,Gloves,718,122,787,238
Using Personal Protection Equipment (PPE) 085.png,1280,720,Face_Shield,644,114,731,208
Using Personal Protection Equipment (PPE) 085.png,1280,720,Mask,648,144,727,195
How to properly wear personal protective equipment for airborne contaminants 181.png,1280,720,Coverall,581,220,979,720
frame05321.png,1920,1088,Mask,907,363,1112,558
frame05321.png,1920,1088,Goggles,888,322,1141,431
frame05321.png,1920,1088,Gloves,764,508,979,742
frame05321.png,1920,1088,Gloves,1025,540,1259,754
frame05321.png,1920,1088,Coverall,470,117,1523,1085
snap08861.png,1920,1088,Mask,976,236,1076,359
snap08861.png,1920,1088,Face_Shield,923,173,1116,376
snap08861.png,1920,1088,Coverall,726,342,1353,951
frs.png,750,563,Goggles,146,181,207,240
frs.png,750,563,Mask,147,225,197,308
frs.png,750,563,Mask,470,276,532,315
frs.png,750,563,Gloves,279,507,370,557
frs.png,750,563,Gloves,376,219,467,297
frs.png,750,563,Coverall,1,104,403,559
Demonstration of Donning (Putting On) Personal Protective Equipment (PPE) 126.png,1280,720,Coverall,489,408,1183,720
Demonstration of Donning (Putting On) Personal Protective Equipment (PPE) 126.png,1280,720,Mask,571,309,711,459
Using Personal Protection Equipment (PPE) 101.png,1280,720,Coverall,484,213,770,720
Using Personal Protection Equipment (PPE) 101.png,1280,720,Gloves,378,238,532,378
Using Personal Protection Equipment (PPE) 101.png,1280,720,Face_Shield,563,121,694,238
Using Personal Protection Equipment (PPE) 101.png,1280,720,Mask,600,159,692,226
Demonstration of Donning (Putting On) Personal Protective Equipment (PPE) 216.png,1280,720,Coverall,471,226,833,720
Demonstration of Donning (Putting On) Personal Protective Equipment (PPE) 216.png,1280,720,Gloves,637,461,762,599
Demonstration of Donning (Putting On) Personal Protective Equipment (PPE) 216.png,1280,720,Face_Shield,593,122,742,262
Demonstration of Donning (Putting On) Personal Protective Equipment (PPE) 216.png,1280,720,Mask,626,190,698,259
Using Personal Protection Equipment (PPE) 154.png,1280,720,Mask,711,116,820,225
ga.png,594,1280,Mask,284,329,323,388
ga.png,594,1280,Face_Shield,241,271,351,402
ga.png,594,1280,Coverall,116,248,469,1094
How to properly wear personal protective equipment for airborne contaminants 208.png,1280,720,Mask,311,96,992,494
dfg.png,410,230,Goggles,143,81,282,158
dfg.png,410,230,Mask,146,114,264,222
dfg.png,410,230,Face_Shield,117,50,289,219
Demonstration of Donning (Putting On) Personal Protective Equipment (PPE) 119.png,1280,720,Coverall,416,105,1098,720
Demonstration of Donning (Putting On) Personal Protective Equipment (PPE) 119.png,1280,720,Mask,529,368,688,533
frame05281.png,1920,1088,Goggles,869,240,1147,404
frame05281.png,1920,1088,Mask,891,319,1109,549
frame05281.png,1920,1088,Gloves,655,157,850,394
frame05281.png,1920,1088,Gloves,1147,153,1350,346
frame05281.png,1920,1088,Coverall,320,80,1711,1087
fsaz.png,1279,871,Goggles,19,196,103,246
fsaz.png,1279,871,Mask,29,219,84,269
fsaz.png,1279,871,Face_Shield,2,154,110,330
fsaz.png,1279,871,Gloves,2,466,78,519
fsaz.png,1279,871,Gloves,147,506,188,585
fsaz.png,1279,871,Coverall,1,147,188,871
fsaz.png,1279,871,Goggles,256,191,328,219
fsaz.png,1279,871,Mask,268,221,311,260
fsaz.png,1279,871,Face_Shield,230,143,344,289
fsaz.png,1279,871,Gloves,213,363,275,422
fsaz.png,1279,871,Gloves,342,357,403,415
fsaz.png,1279,871,Coverall,170,147,435,860
fsaz.png,1279,871,Goggles,479,176,534,199
fsaz.png,1279,871,Mask,489,193,530,219
fsaz.png,1279,871,Face_Shield,454,137,566,276
fsaz.png,1279,871,Gloves,444,413,495,472
fsaz.png,1279,871,Gloves,556,399,609,462
fsaz.png,1279,871,Coverall,413,138,648,836
fsaz.png,1279,871,Goggles,689,195,754,223
fsaz.png,1279,871,Mask,696,215,747,247
fsaz.png,1279,871,Face_Shield,680,168,773,291
fsaz.png,1279,871,Gloves,660,394,708,456
fsaz.png,1279,871,Gloves,754,396,796,456
fsaz.png,1279,871,Gloves,787,303,826,370
fsaz.png,1279,871,Gloves,989,298,1023,369
fsaz.png,1279,871,Gloves,1006,385,1046,470
fsaz.png,1279,871,Gloves,1225,393,1271,484
fsaz.png,1279,871,Coverall,629,149,827,818
fsaz.png,1279,871,Coverall,791,176,1025,862
fsaz.png,1279,871,Coverall,1006,218,1277,871
fsaz.png,1279,871,Goggles,894,218,963,239
fsaz.png,1279,871,Mask,906,228,953,274
fsaz.png,1279,871,Face_Shield,878,172,980,312
fsaz.png,1279,871,Goggles,1113,263,1200,295
fsaz.png,1279,871,Mask,1128,272,1178,322
fsaz.png,1279,871,Face_Shield,1083,212,1219,390
fsaz.png,1279,871,Coverall,1033,224,1278,871
hye.png,340,736,Goggles,153,115,199,140
hye.png,340,736,Mask,148,138,189,179
hye.png,340,736,Face_Shield,134,99,207,194
hye.png,340,736,Gloves,83,385,128,442
hye.png,340,736,Gloves,219,369,252,422
hye.png,340,736,Coverall,62,85,255,584
Demonstration of Donning (Putting On) Personal Protective Equipment (PPE) 080 - Copy.png,1280,720,Coverall,732,149,1080,692
Demonstration of Donning (Putting On) Personal Protective Equipment (PPE) 080 - Copy.png,1280,720,Goggles,233,505,331,561
Demonstration of Donning (Putting On) Personal Protective Equipment (PPE) 080 - Copy.png,1280,720,Face_Shield,58,549,248,600
Demonstration of Donning (Putting On) Personal Protective Equipment (PPE) 080 - Copy.png,1280,720,Mask,239,577,302,634
How to properly wear personal protective equipment for airborne contaminants 357.png,1280,720,Coverall,762,73,1239,720
How to properly wear personal protective equipment for airborne contaminants 357.png,1280,720,Gloves,949,194,1094,329
How to properly wear personal protective equipment for airborne contaminants 357.png,1280,720,Gloves,827,491,933,598
How to properly wear personal protective equipment for airborne contaminants 357.png,1280,720,Mask,857,46,993,103
gdjes.png,488,500,Coverall,14,60,179,426
gdjes.png,488,500,Gloves,245,246,339,347
gdjes.png,488,500,Mask,140,75,270,193
gdjes.png,488,500,Gloves,270,143,366,246
gdjes.png,488,500,Goggles,261,57,391,136
Using Personal Protection Equipment (PPE) 083.png,1280,720,Coverall,546,183,850,720
Using Personal Protection Equipment (PPE) 083.png,1280,720,Gloves,737,253,829,333
Using Personal Protection Equipment (PPE) 083.png,1280,720,Face_Shield,641,118,750,205
Using Personal Protection Equipment (PPE) 083.png,1280,720,Mask,663,151,733,204
gff.png,1080,608,Goggles,91,118,152,144
gff.png,1080,608,Mask,81,140,164,197
gff.png,1080,608,Gloves,6,480,61,549
gff.png,1080,608,Gloves,197,445,236,516
gff.png,1080,608,Gloves,360,519,422,579
gff.png,1080,608,Gloves,556,481,609,561
gff.png,1080,608,Gloves,776,448,818,541
gff.png,1080,608,Gloves,835,458,891,542
gff.png,1080,608,Gloves,1043,458,1078,539
gff.png,1080,608,Goggles,470,122,523,144
gff.png,1080,608,Mask,463,145,524,202
gff.png,1080,608,Mask,685,147,733,198
gff.png,1080,608,Mask,986,55,1034,124
gff.png,1080,608,Mask,760,136,777,154
gff.png,1080,608,Mask,242,117,277,141
gff.png,1080,608,Coverall,1,75,247,605
gff.png,1080,608,Coverall,311,75,547,605
gff.png,1080,608,Coverall,529,60,819,607
gff.png,1080,608,Coverall,822,1,1077,605
frame06171.png,1920,1088,Mask,919,269,1042,391
frame06171.png,1920,1088,Goggles,891,226,1050,312
frame06171.png,1920,1088,Gloves,764,528,1001,713
frame06171.png,1920,1088,Gloves,805,549,897,728
frame06171.png,1920,1088,Coverall,724,112,1292,1085
frame05191.png,1920,1088,Goggles,805,260,1129,458
frame05191.png,1920,1088,Mask,834,368,1087,613
frame05191.png,1920,1088,Gloves,512,733,689,1035
frame05191.png,1920,1088,Gloves,1164,778,1337,1080
frame05191.png,1920,1088,Coverall,392,595,1569,1087
Using Personal Protection Equipment (PPE) 049.png,1280,720,Mask,581,362,872,543
Using Personal Protection Equipment (PPE) 049.png,1280,720,Coverall,344,435,1202,720
Using Personal Protection Equipment (PPE) 099.png,1280,720,Coverall,496,224,761,720
Using Personal Protection Equipment (PPE) 099.png,1280,720,Gloves,415,278,566,395
Using Personal Protection Equipment (PPE) 099.png,1280,720,Face_Shield,566,111,688,240
Using Personal Protection Equipment (PPE) 099.png,1280,720,Mask,576,153,676,230
How to properly wear personal protective equipment for airborne contaminants 322.png,1280,720,Coverall,589,120,923,679
How to properly wear personal protective equipment for airborne contaminants 322.png,1280,720,Gloves,524,108,572,156
How to properly wear personal protective equipment for airborne contaminants 322.png,1280,720,Mask,732,87,784,155
How to properly wear personal protective equipment for airborne contaminants 322.png,1280,720,Goggles,715,70,775,101
Using Personal Protection Equipment (PPE) 129.png,1280,720,Coverall,428,151,893,720
Using Personal Protection Equipment (PPE) 129.png,1280,720,Mask,627,170,740,235
Demonstration of Donning (Putting On) Personal Protective Equipment (PPE) 085.png,1280,720,Coverall,789,168,1007,685
Demonstration of Donning (Putting On) Personal Protective Equipment (PPE) 085.png,1280,720,Goggles,236,513,324,557
Demonstration of Donning (Putting On) Personal Protective Equipment (PPE) 085.png,1280,720,Face_Shield,68,551,236,595
Demonstration of Donning (Putting On) Personal Protective Equipment (PPE) 085.png,1280,720,Mask,239,585,311,634
ghd.png,1200,1600,Goggles,269,349,379,408
ghd.png,1200,1600,Goggles,528,333,640,377
ghd.png,1200,1600,Goggles,819,327,936,379
ghd.png,1200,1600,Mask,285,388,357,427
ghd.png,1200,1600,Mask,550,371,641,447
ghd.png,1200,1600,Mask,835,362,914,418
ghd.png,1200,1600,Face_Shield,235,299,404,472
ghd.png,1200,1600,Face_Shield,506,301,670,467
ghd.png,1200,1600,Face_Shield,787,284,977,464
ghd.png,1200,1600,Gloves,123,421,267,532
ghd.png,1200,1600,Gloves,363,489,514,569
ghd.png,1200,1600,Gloves,675,438,794,588
ghd.png,1200,1600,Coverall,106,299,424,1281
ghd.png,1200,1600,Coverall,414,264,752,1299
ghd.png,1200,1600,Coverall,648,223,1052,1455
Demonstration of Donning (Putting On) Personal Protective Equipment (PPE) 228.png,1280,720,Gloves,191,1,488,201
Demonstration of Donning (Putting On) Personal Protective Equipment (PPE) 228.png,1280,720,Gloves,381,117,589,326
Demonstration of Donning (Putting On) Personal Protective Equipment (PPE) 228.png,1280,720,Coverall,671,13,1276,720
How to properly wear personal protective equipment for airborne contaminants 214.png,1280,720,Mask,642,348,927,583
ghyju.png,1300,957,Goggles,607,95,856,181
ghyju.png,1300,957,Mask,620,168,810,317
ghyju.png,1300,957,Gloves,384,258,619,543
ghyju.png,1300,957,Gloves,756,556,1036,697
ghyju.png,1300,957,Coverall,185,3,1294,695
Using Personal Protection Equipment (PPE) 071.png,1280,720,Coverall,546,194,836,720
Using Personal Protection Equipment (PPE) 071.png,1280,720,Gloves,783,160,829,244
Using Personal Protection Equipment (PPE) 071.png,1280,720,Face_Shield,650,111,741,211
Using Personal Protection Equipment (PPE) 071.png,1280,720,Mask,665,153,737,204
Demonstration of Donning (Putting On) Personal Protective Equipment (PPE) 013.png,1280,720,Coverall,483,173,746,696
Demonstration of Donning (Putting On) Personal Protective Equipment (PPE) 013.png,1280,720,Gloves,720,457,791,575
Demonstration of Donning (Putting On) Personal Protective Equipment (PPE) 013.png,1280,720,Gloves,446,464,526,573
Demonstration of Donning (Putting On) Personal Protective Equipment (PPE) 013.png,1280,720,Face_Shield,578,56,675,183
Demonstration of Donning (Putting On) Personal Protective Equipment (PPE) 013.png,1280,720,Mask,602,95,653,169
Demonstration of Donning (Putting On) Personal Protective Equipment (PPE) 131.png,1280,720,Coverall,422,152,1178,720
Demonstration of Donning (Putting On) Personal Protective Equipment (PPE) 131.png,1280,720,Mask,559,381,726,547
frame06491.png,1920,1088,Mask,525,336,601,414
frame06491.png,1920,1088,Mask,1069,218,1171,318
frame06491.png,1920,1088,Goggles,1046,181,1175,257
frame06491.png,1920,1088,Gloves,366,807,448,898
frame06491.png,1920,1088,Gloves,719,774,788,885
frame06491.png,1920,1088,Gloves,874,491,955,578
frame06491.png,1920,1088,Gloves,1155,503,1273,608
frame06491.png,1920,1088,Coverall,919,90,1432,1082
frame06491.png,1920,1088,Coverall,311,232,807,1085
frame04011.png,1920,1088,Mask,841,319,1024,535
frame04011.png,1920,1088,Gloves,725,357,861,677
frame04011.png,1920,1088,Gloves,1019,394,1191,665
frame04011.png,1920,1088,Coverall,393,551,1444,1083
frame05231.png,1920,1088,Gloves,793,374,1121,572
frame05231.png,1920,1088,Mask,829,492,1085,662
frame05231.png,1920,1088,Gloves,648,409,798,533
frame05231.png,1920,1088,Gloves,1112,367,1285,464
frame05231.png,1920,1088,Coverall,98,341,1818,1088
frame06561.png,1920,1088,Coverall,388,246,834,1086
frame06561.png,1920,1088,Coverall,852,119,1293,1082
frame06561.png,1920,1088,Mask,571,336,639,415
frame06561.png,1920,1088,Mask,1014,226,1106,314
frame06561.png,1920,1088,Goggles,1005,189,1120,258
frame06561.png,1920,1088,Gloves,441,458,511,582
frame06561.png,1920,1088,Gloves,721,462,779,574
frame06561.png,1920,1088,Gloves,870,424,942,549
frame06561.png,1920,1088,Gloves,1160,445,1239,557
Demonstration of Donning (Putting On) Personal Protective Equipment (PPE) 089.png,1280,720,Coverall,701,104,1089,711
Demonstration of Donning (Putting On) Personal Protective Equipment (PPE) 089.png,1280,720,Goggles,233,512,326,562
Demonstration of Donning (Putting On) Personal Protective Equipment (PPE) 089.png,1280,720,Face_Shield,59,555,254,599
5uhyf.png,1200,1200,Mask,564,322,909,648
5uhyf.png,1200,1200,Face_Shield,449,116,984,616
Demonstration of Donning (Putting On) Personal Protective Equipment (PPE) 105.png,1280,720,Coverall,306,283,774,720
Demonstration of Donning (Putting On) Personal Protective Equipment (PPE) 105.png,1280,720,Mask,250,604,379,703
gdf.png,410,205,Mask,179,45,210,79
gdf.png,410,205,Goggles,173,29,212,50
gdf.png,410,205,Mask,109,91,133,130
gdf.png,410,205,Gloves,156,171,179,188
gdf.png,410,205,Gloves,188,180,239,203
gdf.png,410,205,Coverall,137,3,305,204
Demonstration of Donning (Putting On) Personal Protective Equipment (PPE) 192.png,1280,720,Coverall,387,270,870,720
Demonstration of Donning (Putting On) Personal Protective Equipment (PPE) 192.png,1280,720,Mask,581,170,693,270
frame06151.png,1920,1088,Gloves,506,783,734,922
frame06151.png,1920,1088,Gloves,783,764,988,853
frame06151.png,1920,1088,Goggles,844,312,973,378
frame06151.png,1920,1088,Mask,888,341,974,426
frame06151.png,1920,1088,Coverall,739,140,1316,1086
frame06231.png,1920,1088,Gloves,757,523,852,691
frame06231.png,1920,1088,Gloves,1120,545,1223,700
frame06231.png,1920,1088,Mask,942,251,1079,382
frame06231.png,1920,1088,Goggles,929,210,1092,298
frame06231.png,1920,1088,Coverall,710,107,1350,1086
frame05341.png,1920,1088,Gloves,803,565,1030,778
frame05341.png,1920,1088,Gloves,1026,540,1221,774
frame05341.png,1920,1088,Mask,905,357,1107,557
frame05341.png,1920,1088,Goggles,885,319,1143,433
frame05341.png,1920,1088,Coverall,462,119,1516,1083
dnf.png,800,451,Goggles,455,85,563,132
dnf.png,800,451,Mask,469,112,556,181
dnf.png,800,451,Gloves,224,316,288,374
dnf.png,800,451,Coverall,287,37,692,449
hjtuj.png,710,450,Mask,175,88,262,176
hjtuj.png,710,450,Goggles,161,46,278,99
hjtuj.png,710,450,Coverall,35,1,377,446
Using Personal Protection Equipment (PPE) 078.png,1280,720,Coverall,567,187,843,720
Using Personal Protection Equipment (PPE) 078.png,1280,720,Face_Shield,654,105,749,218
Using Personal Protection Equipment (PPE) 078.png,1280,720,Mask,670,152,733,207
snap07241.png,1920,1088,Mask,928,469,1134,707
snap07241.png,1920,1088,Face_Shield,832,328,1216,754
snap07241.png,1920,1088,Gloves,605,92,934,358
snap07241.png,1920,1088,Gloves,1230,163,1551,455
snap07241.png,1920,1088,Coverall,178,263,1850,951
Demonstration of Donning (Putting On) Personal Protective Equipment (PPE) 197.png,1280,720,Coverall,379,266,981,720
Demonstration of Donning (Putting On) Personal Protective Equipment (PPE) 197.png,1280,720,Face_Shield,581,490,829,677
Demonstration of Donning (Putting On) Personal Protective Equipment (PPE) 197.png,1280,720,Mask,633,213,750,301
gew4u.png,1200,800,Gloves,322,467,558,598
gew4u.png,1200,800,Gloves,555,497,739,617
gew4u.png,1200,800,Face_Shield,614,95,822,361
gew4u.png,1200,800,Mask,651,213,799,316
gew4u.png,1200,800,Coverall,561,305,1024,800
juui.png,1300,865,Gloves,526,351,683,570
juui.png,1300,865,Gloves,667,526,887,747
juui.png,1300,865,Goggles,659,180,920,350
juui.png,1300,865,Mask,716,302,910,483
juui.png,1300,865,Coverall,321,36,1242,859
How to properly wear personal protective equipment for airborne contaminants 182.png,1280,720,Coverall,641,251,1044,714
Demonstration of Donning (Putting On) Personal Protective Equipment (PPE) 231.png,1280,720,Coverall,414,214,826,720
Demonstration of Donning (Putting On) Personal Protective Equipment (PPE) 231.png,1280,720,Gloves,811,417,894,513
Demonstration of Donning (Putting On) Personal Protective Equipment (PPE) 231.png,1280,720,Gloves,355,425,506,548
Demonstration of Donning (Putting On) Personal Protective Equipment (PPE) 231.png,1280,720,Face_Shield,559,66,741,221
Demonstration of Donning (Putting On) Personal Protective Equipment (PPE) 231.png,1280,720,Mask,626,136,698,209
frame05121.png,1920,1088,Goggles,838,308,1148,517
frame05121.png,1920,1088,Mask,843,423,1092,644
frame05121.png,1920,1088,Gloves,669,309,917,618
frame05121.png,1920,1088,Gloves,1069,321,1309,596
frame05121.png,1920,1088,Coverall,343,550,1675,1087
How to properly wear personal protective equipment for airborne contaminants 211.png,1280,720,Mask,623,374,944,598
How to properly wear personal protective equipment for airborne contaminants 211.png,1280,720,Coverall,381,477,1230,720
How to properly wear personal protective equipment for airborne contaminants 318.png,1280,720,Goggles,607,181,1279,398
How to properly wear personal protective equipment for airborne contaminants 318.png,1280,720,Mask,675,277,1112,720
Using Personal Protection Equipment (PPE) 081.png,1280,720,Coverall,548,183,874,720
Using Personal Protection Equipment (PPE) 081.png,1280,720,Gloves,736,217,844,305
Using Personal Protection Equipment (PPE) 081.png,1280,720,Face_Shield,648,109,731,207
Using Personal Protection Equipment (PPE) 081.png,1280,720,Mask,653,151,727,204
huj.png,1200,900,Mask,211,207,271,267
huj.png,1200,900,Mask,675,285,723,331
huj.png,1200,900,Mask,788,300,845,342
huj.png,1200,900,Mask,945,250,994,293
huj.png,1200,900,Gloves,117,508,163,599
huj.png,1200,900,Gloves,357,511,389,589
huj.png,1200,900,Gloves,599,548,633,608
huj.png,1200,900,Gloves,804,554,844,604
huj.png,1200,900,Gloves,859,531,895,603
huj.png,1200,900,Gloves,1033,547,1076,593
huj.png,1200,900,Mask,567,343,613,377
huj.png,1200,900,Coverall,119,138,390,896
huj.png,1200,900,Coverall,588,224,831,877
huj.png,1200,900,Coverall,767,240,886,435
huj.png,1200,900,Coverall,856,188,1092,870
frame06521.png,1920,1088,Gloves,421,460,503,585
frame06521.png,1920,1088,Gloves,728,467,791,574
frame06521.png,1920,1088,Gloves,865,433,938,560
frame06521.png,1920,1088,Gloves,1167,455,1246,567
frame06521.png,1920,1088,Mask,574,342,647,422
frame06521.png,1920,1088,Mask,1009,233,1103,323
frame06521.png,1920,1088,Goggles,991,190,1115,264
frame06521.png,1920,1088,Coverall,376,233,842,1086
frame06521.png,1920,1088,Coverall,835,122,1298,1086
How to properly wear personal protective equipment for airborne contaminants 213.png,1280,720,Mask,642,353,975,596
Demonstration of Donning (Putting On) Personal Protective Equipment (PPE) 163.png,1280,720,Coverall,405,264,866,720
Demonstration of Donning (Putting On) Personal Protective Equipment (PPE) 163.png,1280,720,Mask,566,179,668,269
bvc.png,847,565,Goggles,173,136,232,177
bvc.png,847,565,Goggles,240,99,312,134
bvc.png,847,565,Goggles,337,176,406,212
bvc.png,847,565,Mask,344,201,406,254
bvc.png,847,565,Mask,249,117,309,179
bvc.png,847,565,Mask,168,162,218,229
bvc.png,847,565,Gloves,158,311,236,407
bvc.png,847,565,Gloves,285,436,349,502
bvc.png,847,565,Coverall,15,66,262,564
bvc.png,847,565,Coverall,210,33,332,256
bvc.png,847,565,Coverall,328,101,550,565
bvc.png,847,565,Mask,627,267,672,312
fgthtrj.png,640,360,Goggles,239,136,561,269
fgthtrj.png,640,360,Mask,265,182,529,357
fgthtrj.png,640,360,Coverall,156,1,639,358
dh.png,660,439,Coverall,27,1,391,186
dh.png,660,439,Coverall,97,172,456,409
dh.png,660,439,Coverall,311,1,599,268
dh.png,660,439,Mask,227,109,318,181
dh.png,660,439,Mask,439,58,517,125
dh.png,660,439,Goggles,436,33,533,83
dh.png,660,439,Gloves,25,181,57,248
dh.png,660,439,Face_Shield,391,2,544,169
gfz.png,600,400,Mask,74,65,96,80
gfz.png,600,400,Face_Shield,65,54,99,88
gfz.png,600,400,Face_Shield,99,49,145,106
gfz.png,600,400,Face_Shield,199,62,244,108
gfz.png,600,400,Face_Shield,295,58,334,113
gfz.png,600,400,Face_Shield,431,55,479,115
gfz.png,600,400,Mask,111,66,137,90
gfz.png,600,400,Mask,210,77,234,102
gfz.png,600,400,Mask,305,73,322,89
gfz.png,600,400,Mask,441,76,461,94
gfz.png,600,400,Gloves,31,142,53,161
gfz.png,600,400,Gloves,56,76,76,115
gfz.png,600,400,Gloves,158,184,180,235
gfz.png,600,400,Gloves,201,164,226,187
gfz.png,600,400,Gloves,217,178,243,200
gfz.png,600,400,Gloves,297,108,336,141
gfz.png,600,400,Gloves,371,179,391,214
gfz.png,600,400,Gloves,261,175,281,202
gfz.png,600,400,Gloves,441,94,461,134
gfz.png,600,400,Coverall,43,33,173,380
gfz.png,600,400,Coverall,24,32,100,148
gfz.png,600,400,Coverall,174,47,273,377
gfz.png,600,400,Coverall,273,39,388,373
gfz.png,600,400,Coverall,379,45,504,374
frame04711.png,1920,1088,Mask,844,313,1025,495
frame04711.png,1920,1088,Gloves,656,680,776,891
frame04711.png,1920,1088,Gloves,1083,705,1211,914
frame04711.png,1920,1088,Coverall,488,504,1383,1085
snap00951.png,1920,1088,Gloves,828,533,891,654
snap00951.png,1920,1088,Gloves,1069,518,1130,649
snap00951.png,1920,1088,Face_Shield,916,74,1012,146
snap00951.png,1920,1088,Coverall,812,30,1142,1013
frame06501.png,1920,1088,Gloves,375,423,461,546
frame06501.png,1920,1088,Gloves,682,433,760,546
frame06501.png,1920,1088,Gloves,853,496,924,604
frame06501.png,1920,1088,Gloves,1189,528,1298,636
frame06501.png,1920,1088,Mask,532,346,602,421
frame06501.png,1920,1088,Mask,1051,223,1153,321
frame06501.png,1920,1088,Goggles,1032,186,1167,255
frame06501.png,1920,1088,Coverall,878,94,1371,1083
frame06501.png,1920,1088,Coverall,297,230,816,1083
frame04691.png,1920,1088,Mask,835,326,1039,521
frame04691.png,1920,1088,Gloves,639,719,776,954
frame04691.png,1920,1088,Gloves,1070,764,1205,990
frame04691.png,1920,1088,Coverall,447,544,1437,1083
Using Personal Protection Equipment (PPE) 042 - Copy.png,1280,720,Coverall,576,136,936,720
How to properly wear personal protective equipment for airborne contaminants 382.png,1280,720,Gloves,10,251,203,430
frame06571.png,1920,1088,Gloves,439,465,510,569
frame06571.png,1920,1088,Gloves,719,464,776,563
frame06571.png,1920,1088,Gloves,865,424,935,549
frame06571.png,1920,1088,Gloves,1161,444,1243,557
frame06571.png,1920,1088,Mask,569,337,642,410
frame06571.png,1920,1088,Mask,1012,222,1106,314
frame06571.png,1920,1088,Goggles,1006,190,1119,253
frame06571.png,1920,1088,Coverall,848,112,1298,1087
frame06571.png,1920,1088,Coverall,393,245,828,1078
bgv.png,1024,576,Goggles,360,215,699,400
bgv.png,1024,576,Mask,358,288,658,558
bgv.png,1024,576,Face_Shield,300,128,720,545
How to properly wear personal protective equipment for airborne contaminants 325.png,1280,720,Coverall,661,101,902,683
How to properly wear personal protective equipment for airborne contaminants 325.png,1280,720,Mask,740,92,781,139
How to properly wear personal protective equipment for airborne contaminants 325.png,1280,720,Goggles,739,77,791,98
How to properly wear personal protective equipment for airborne contaminants 325.png,1280,720,Gloves,705,17,749,66
Demonstration of Donning (Putting On) Personal Protective Equipment (PPE) 229.png,1280,720,Coverall,423,222,847,720
Demonstration of Donning (Putting On) Personal Protective Equipment (PPE) 229.png,1280,720,Gloves,579,291,689,409
Demonstration of Donning (Putting On) Personal Protective Equipment (PPE) 229.png,1280,720,Gloves,539,392,692,507
Demonstration of Donning (Putting On) Personal Protective Equipment (PPE) 229.png,1280,720,Face_Shield,554,138,705,257
Demonstration of Donning (Putting On) Personal Protective Equipment (PPE) 229.png,1280,720,Mask,585,195,675,259
frame05351.png,1920,1088,Goggles,879,322,1129,428
frame05351.png,1920,1088,Mask,900,364,1102,551
frame05351.png,1920,1088,Gloves,638,583,816,828
frame05351.png,1920,1088,Gloves,1167,621,1325,858
frame05351.png,1920,1088,Coverall,424,115,1551,1086
Demonstration of Donning (Putting On) Personal Protective Equipment (PPE) 081.png,1280,720,Coverall,654,155,1029,701
Demonstration of Donning (Putting On) Personal Protective Equipment (PPE) 081.png,1280,720,Goggles,231,501,332,569
Demonstration of Donning (Putting On) Personal Protective Equipment (PPE) 081.png,1280,720,Face_Shield,53,547,246,607
Demonstration of Donning (Putting On) Personal Protective Equipment (PPE) 081.png,1280,720,Mask,236,583,296,638
frame06281.png,1920,1088,Gloves,741,522,848,694
frame06281.png,1920,1088,Gloves,1123,553,1217,704
frame06281.png,1920,1088,Mask,930,255,1062,387
frame06281.png,1920,1088,Goggles,917,214,1079,303
frame06281.png,1920,1088,Coverall,687,110,1342,1082
frame05661.png,1920,1088,Gloves,1373,746,1565,895
frame05661.png,1920,1088,Gloves,1226,713,1365,817
frame05661.png,1920,1088,Goggles,1084,296,1206,372
frame05661.png,1920,1088,Mask,1055,332,1156,407
frame05661.png,1920,1088,Coverall,769,113,1371,1086
Demonstration of Donning (Putting On) Personal Protective Equipment (PPE) 080 - Copy - Copy.png,1280,720,Coverall,715,147,1054,677
Demonstration of Donning (Putting On) Personal Protective Equipment (PPE) 080 - Copy - Copy.png,1280,720,Goggles,233,511,326,561
Demonstration of Donning (Putting On) Personal Protective Equipment (PPE) 080 - Copy - Copy.png,1280,720,Mask,227,586,306,636
Demonstration of Donning (Putting On) Personal Protective Equipment (PPE) 175.png,1280,720,Mask,480,353,770,548
Demonstration of Donning (Putting On) Personal Protective Equipment (PPE) 175.png,1280,720,Coverall,140,424,1112,720
Demonstration of Donning (Putting On) Personal Protective Equipment (PPE) 198.png,1280,720,Face_Shield,549,242,763,396
Demonstration of Donning (Putting On) Personal Protective Equipment (PPE) 198.png,1280,720,Coverall,288,186,997,720
Demonstration of Donning (Putting On) Personal Protective Equipment (PPE) 198.png,1280,720,Mask,592,285,696,324
frame06191.png,1920,1088,Gloves,805,678,941,830
frame06191.png,1920,1088,Gloves,1030,681,1193,833
frame06191.png,1920,1088,Goggles,980,207,1150,298
frame06191.png,1920,1088,Mask,996,255,1126,383
frame06191.png,1920,1088,Coverall,734,105,1391,1086
snap03021.png,1920,1088,Coverall,787,254,1115,1033
snap03021.png,1920,1088,Gloves,870,348,960,409
snap03021.png,1920,1088,Gloves,975,401,1038,463
Demonstration of Donning (Putting On) Personal Protective Equipment (PPE) 184.png,1280,720,Mask,471,286,741,452
Demonstration of Donning (Putting On) Personal Protective Equipment (PPE) 184.png,1280,720,Coverall,167,387,1079,720
frame05131.png,1920,1088,Goggles,833,304,1138,500
frame05131.png,1920,1088,Mask,842,415,1088,640
frame05131.png,1920,1088,Gloves,642,308,894,595
frame05131.png,1920,1088,Gloves,1059,309,1291,594
frame05131.png,1920,1088,Coverall,326,554,1656,1088
frame06271.png,1920,1088,Mask,925,259,1059,392
frame06271.png,1920,1088,Goggles,909,212,1078,305
frame06271.png,1920,1088,Gloves,739,523,841,700
frame06271.png,1920,1088,Gloves,1111,551,1214,701
frame06271.png,1920,1088,Coverall,687,108,1339,1082
frame05761.png,1920,1088,Gloves,800,753,939,978
frame05761.png,1920,1088,Gloves,735,628,883,762
frame05761.png,1920,1088,Goggles,782,145,971,240
frame05761.png,1920,1088,Mask,800,185,935,282
frame05761.png,1920,1088,Coverall,505,4,1164,1083
frame05241.png,1920,1088,Gloves,634,378,793,512
frame05241.png,1920,1088,Gloves,1100,318,1292,446
frame05241.png,1920,1088,Goggles,788,365,1114,571
frame05241.png,1920,1088,Mask,824,492,1074,658
frame05241.png,1920,1088,Coverall,100,314,1816,1083
getry.png,750,500,Face_Shield,328,57,449,212
getry.png,750,500,Goggles,332,96,442,138
getry.png,750,500,Mask,347,115,431,210
getry.png,750,500,Coverall,204,32,581,500
gtjk.png,2000,2000,Goggles,543,714,1373,1138
gtjk.png,2000,2000,Mask,668,986,1276,1626
gtjk.png,2000,2000,Coverall,57,177,1995,2000
Demonstration of Donning (Putting On) Personal Protective Equipment (PPE) 195.png,1280,720,Coverall,328,298,756,720
Demonstration of Donning (Putting On) Personal Protective Equipment (PPE) 195.png,1280,720,Mask,392,238,514,317
Demonstration of Donning (Putting On) Personal Protective Equipment (PPE) 195.png,1280,720,Face_Shield,97,595,292,720
snap00851.png,1920,1088,Gloves,843,540,907,663
snap00851.png,1920,1088,Gloves,1051,536,1114,651
snap00851.png,1920,1088,Coverall,815,32,1132,1017
snap00851.png,1920,1088,Face_Shield,910,76,1010,151
Using Personal Protection Equipment (PPE) 145.png,1280,720,Mask,668,162,792,231
How to properly wear personal protective equipment for airborne contaminants 171.png,1280,720,Coverall,559,166,927,675
hij.png,1280,853,Gloves,117,209,433,582
hij.png,1280,853,Mask,503,210,720,384
hij.png,1280,853,Goggles,510,159,740,247
hij.png,1280,853,Coverall,102,1,1082,851
frame05221.png,1920,1088,Goggles,810,350,1124,553
frame05221.png,1920,1088,Mask,834,473,1087,654
frame05221.png,1920,1088,Gloves,598,368,807,559
frame05221.png,1920,1088,Gloves,1111,321,1328,512
frame05221.png,1920,1088,Coverall,133,395,1834,1085
frame06511.png,1920,1088,Gloves,402,462,480,580
frame06511.png,1920,1088,Gloves,706,451,769,565
frame06511.png,1920,1088,Gloves,859,371,934,507
frame06511.png,1920,1088,Gloves,1142,385,1216,514
frame06511.png,1920,1088,Mask,564,341,634,417
frame06511.png,1920,1088,Mask,988,214,1087,317
frame06511.png,1920,1088,Goggles,974,186,1100,255
frame06511.png,1920,1088,Coverall,346,237,823,1082
frame06511.png,1920,1088,Coverall,809,105,1291,1085
ft52.png,1800,1113,Gloves,510,554,764,924
ft52.png,1800,1113,Goggles,804,197,1158,335
ft52.png,1800,1113,Mask,836,285,1104,522
ft52.png,1800,1113,Coverall,154,11,1598,1113
Demonstration of Donning (Putting On) Personal Protective Equipment (PPE) 120.png,1280,720,Coverall,440,109,1125,720
Demonstration of Donning (Putting On) Personal Protective Equipment (PPE) 120.png,1280,720,Mask,529,403,683,555
snap08661.png,1920,1088,Mask,955,200,1101,386
snap08661.png,1920,1088,Face_Shield,885,105,1157,405
snap08661.png,1920,1088,Coverall,618,1,1542,951
Demonstration of Donning (Putting On) Personal Protective Equipment (PPE) 159.png,1280,720,Coverall,372,260,864,720
Demonstration of Donning (Putting On) Personal Protective Equipment (PPE) 159.png,1280,720,Mask,561,181,672,269
snap08371.png,1920,1088,Gloves,882,303,1010,417
snap08371.png,1920,1088,Gloves,1198,851,1296,955
snap08371.png,1920,1088,Mask,976,151,1071,282
snap08371.png,1920,1088,Face_Shield,942,83,1126,263
snap08371.png,1920,1088,Coverall,723,57,1326,953
d.png,600,400,Gloves,431,328,476,377
d.png,600,400,Gloves,167,213,232,281
d.png,600,400,Gloves,290,147,324,188
d.png,600,400,Gloves,450,86,484,124
d.png,600,400,Gloves,428,105,446,138
d.png,600,400,Gloves,344,90,370,119
d.png,600,400,Gloves,368,121,390,135
d.png,600,400,Mask,332,288,383,324
d.png,600,400,Mask,72,22,138,77
d.png,600,400,Mask,217,58,265,94
d.png,600,400,Mask,361,56,389,77
d.png,600,400,Mask,443,41,473,66
d.png,600,400,Mask,335,171,364,201
d.png,600,400,Face_Shield,200,28,286,98
d.png,600,400,Face_Shield,430,3,490,67
d.png,600,400,Face_Shield,352,40,398,89
d.png,600,400,Coverall,1,71,172,396
d.png,600,400,Coverall,149,85,291,400
d.png,600,400,Coverall,260,308,481,399
d.png,600,400,Coverall,416,62,525,256
d.png,600,400,Coverall,316,78,420,130
mj.png,768,492,Gloves,165,63,306,399
mj.png,768,492,Gloves,247,349,344,491
mj.png,768,492,Gloves,110,240,205,384
mj.png,768,492,Goggles,389,122,544,225
mj.png,768,492,Mask,407,177,597,346
mj.png,768,492,Coverall,344,330,768,489
Demonstration of Donning (Putting On) Personal Protective Equipment (PPE) 079 - Copy (2).png,1280,720,Coverall,706,149,1142,694
Demonstration of Donning (Putting On) Personal Protective Equipment (PPE) 079 - Copy (2).png,1280,720,Goggles,233,500,336,564
Demonstration of Donning (Putting On) Personal Protective Equipment (PPE) 079 - Copy (2).png,1280,720,Face_Shield,58,553,261,599
frame06211.png,1920,1088,Goggles,938,214,1100,295
frame06211.png,1920,1088,Mask,951,251,1082,389
frame06211.png,1920,1088,Gloves,748,510,838,694
frame06211.png,1920,1088,Gloves,1146,545,1235,704
frame06211.png,1920,1088,Coverall,694,103,1356,1082
cxcf.png,1199,675,Gloves,259,395,414,554
cxcf.png,1199,675,Gloves,711,357,876,547
cxcf.png,1199,675,Mask,460,262,599,387
cxcf.png,1199,675,Mask,707,235,769,291
cxcf.png,1199,675,Goggles,699,186,776,238
cxcf.png,1199,675,Face_Shield,401,169,651,388
cxcf.png,1199,675,Coverall,242,141,851,670
cxcf.png,1199,675,Coverall,617,136,788,386
How to properly wear personal protective equipment for airborne contaminants 202.png,1280,720,Mask,345,120,927,438
snap08841.png,1920,1088,Mask,971,239,1069,367
snap08841.png,1920,1088,Face_Shield,923,177,1114,367
snap08841.png,1920,1088,Coverall,729,358,1350,951
hda.png,800,573,Mask,175,245,408,458
hda.png,800,573,Goggles,139,125,447,309
Demonstration of Donning (Putting On) Personal Protective Equipment (PPE) 158.png,1280,720,Coverall,397,278,833,720
Demonstration of Donning (Putting On) Personal Protective Equipment (PPE) 158.png,1280,720,Mask,578,187,671,275
frame05381.png,1920,1088,Mask,892,358,1102,555
frame05381.png,1920,1088,Goggles,876,318,1129,433
frame05381.png,1920,1088,Gloves,615,772,762,1019
frame05381.png,1920,1088,Gloves,1202,805,1348,1055
frame05381.png,1920,1088,Coverall,493,114,1519,1086
frame05711.png,1920,1088,Gloves,1188,690,1314,787
frame05711.png,1920,1088,Gloves,1297,707,1464,842
frame05711.png,1920,1088,Goggles,1056,323,1174,391
frame05711.png,1920,1088,Mask,1026,358,1126,422
frame05711.png,1920,1088,Coverall,755,133,1251,1086
frame04641.png,1920,1088,Mask,798,321,1047,577
frame04641.png,1920,1088,Gloves,569,801,816,1076
frame04641.png,1920,1088,Gloves,955,850,1210,1083
frame04641.png,1920,1088,Coverall,287,587,1512,1087
bn.png,900,600,Goggles,234,75,476,238
bn.png,900,600,Mask,301,180,496,322
bn.png,900,600,Gloves,305,519,495,599
bn.png,900,600,Coverall,158,1,881,498
bcfx.png,2560,1482,Gloves,1,12,659,1410
bcfx.png,2560,1482,Gloves,1823,37,2554,1359
bcfx.png,2560,1482,Mask,655,529,1740,1423
bcfx.png,2560,1482,Goggles,633,169,1843,735
Demonstration of Donning (Putting On) Personal Protective Equipment (PPE) 176.png,1280,720,Coverall,287,438,1004,720
Demonstration of Donning (Putting On) Personal Protective Equipment (PPE) 176.png,1280,720,Mask,498,338,711,472
Demonstration of Donning (Putting On) Personal Protective Equipment (PPE) 156.png,1280,720,Coverall,378,274,845,720
Demonstration of Donning (Putting On) Personal Protective Equipment (PPE) 156.png,1280,720,Mask,572,187,670,275
hehy.png,900,506,Gloves,208,446,341,505
hehy.png,900,506,Gloves,200,394,334,471
hehy.png,900,506,Gloves,451,350,564,477
hehy.png,900,506,Gloves,402,362,460,467
hehy.png,900,506,Goggles,186,151,327,208
hehy.png,900,506,Goggles,401,134,543,190
hehy.png,900,506,Mask,183,173,293,252
hehy.png,900,506,Mask,423,171,541,241
hehy.png,900,506,Face_Shield,166,96,330,268
hehy.png,900,506,Face_Shield,385,85,563,275
hehy.png,900,506,Coverall,28,16,393,503
hehy.png,900,506,Coverall,377,7,713,502
Using Personal Protection Equipment (PPE) 038 - Copy.png,1280,720,Coverall,587,200,959,720
Demonstration of Donning (Putting On) Personal Protective Equipment (PPE) 225.png,1280,720,Gloves,566,30,881,190
Demonstration of Donning (Putting On) Personal Protective Equipment (PPE) 225.png,1280,720,Gloves,455,109,636,309
Demonstration of Donning (Putting On) Personal Protective Equipment (PPE) 225.png,1280,720,Coverall,500,8,1274,720
frame06261.png,1920,1088,Goggles,911,215,1076,301
frame06261.png,1920,1088,Mask,930,258,1064,383
frame06261.png,1920,1088,Gloves,739,521,846,694
frame06261.png,1920,1088,Gloves,1116,550,1215,704
frame06261.png,1920,1088,Coverall,691,105,1339,1081
frame05101.png,1920,1088,Gloves,1061,300,1328,617
frame05101.png,1920,1088,Gloves,637,310,896,610
frame05101.png,1920,1088,Goggles,841,307,1161,514
frame05101.png,1920,1088,Mask,850,424,1103,642
frame05101.png,1920,1088,Coverall,305,565,1662,1088
Using Personal Protection Equipment (PPE) 056.png,1280,720,Face_Shield,524,304,862,574
Using Personal Protection Equipment (PPE) 056.png,1280,720,Mask,606,336,842,531
Using Personal Protection Equipment (PPE) 056.png,1280,720,Coverall,293,425,1192,720
frame05441.png,1920,1088,Goggles,1257,328,1392,389
frame05441.png,1920,1088,Mask,1233,348,1339,431
frame05441.png,1920,1088,Gloves,1515,919,1639,1062
frame05441.png,1920,1088,Gloves,919,828,1042,962
frame05441.png,1920,1088,Coverall,814,149,1583,1086
snap08851.png,1920,1088,Mask,971,240,1074,363
snap08851.png,1920,1088,Face_Shield,929,176,1114,389
snap08851.png,1920,1088,Coverall,725,346,1347,950
frame06541.png,1920,1088,Gloves,439,462,514,583
frame06541.png,1920,1088,Gloves,729,469,787,576
frame06541.png,1920,1088,Gloves,866,423,935,553
frame06541.png,1920,1088,Gloves,1164,445,1237,557
frame06541.png,1920,1088,Mask,574,344,652,414
frame06541.png,1920,1088,Mask,1016,230,1106,324
frame06541.png,1920,1088,Goggles,1006,195,1121,262
frame06541.png,1920,1088,Coverall,396,242,844,1083
frame06541.png,1920,1088,Coverall,846,117,1297,1087
Using Personal Protection Equipment (PPE) 052.png,1280,720,Coverall,649,195,966,720
Using Personal Protection Equipment (PPE) 052.png,1280,720,Mask,750,161,859,233
frame04681.png,1920,1088,Mask,838,328,1048,532
frame04681.png,1920,1088,Gloves,614,721,766,969
frame04681.png,1920,1088,Gloves,1064,762,1205,1004
frame04681.png,1920,1088,Coverall,425,536,1458,1088
Demonstration of Donning (Putting On) Personal Protective Equipment (PPE) 097.png,1280,720,Coverall,755,186,1037,698
Demonstration of Donning (Putting On) Personal Protective Equipment (PPE) 097.png,1280,720,Goggles,224,501,361,572
Demonstration of Donning (Putting On) Personal Protective Equipment (PPE) 097.png,1280,720,Face_Shield,67,562,250,603
dgah.png,590,686,Mask,301,77,353,118
dgah.png,590,686,Coverall,145,12,458,683
Demonstration of Donning (Putting On) Personal Protective Equipment (PPE) 039.png,1280,720,Mask,452,200,835,495
Demonstration of Donning (Putting On) Personal Protective Equipment (PPE) 039.png,1280,720,Mask,1,180,285,416
Demonstration of Donning (Putting On) Personal Protective Equipment (PPE) 183.png,1280,720,Mask,445,338,649,483
Demonstration of Donning (Putting On) Personal Protective Equipment (PPE) 183.png,1280,720,Coverall,267,422,1131,720
How to properly wear personal protective equipment for airborne contaminants 320.png,1280,720,Gloves,680,155,1102,375
How to properly wear personal protective equipment for airborne contaminants 320.png,1280,720,Mask,1027,11,1240,162
How to properly wear personal protective equipment for airborne contaminants 320.png,1280,720,Coverall,988,127,1280,716
rt.png,485,273,Gloves,260,182,315,231
rt.png,485,273,Gloves,313,183,343,217
rt.png,485,273,Gloves,390,149,430,182
rt.png,485,273,Mask,83,129,136,184
rt.png,485,273,Mask,151,79,179,122
rt.png,485,273,Mask,309,34,355,73
rt.png,485,273,Goggles,101,106,132,128
rt.png,485,273,Goggles,316,24,367,48
rt.png,485,273,Coverall,1,25,247,273
rt.png,485,273,Coverall,100,12,179,210
rt.png,485,273,Coverall,224,2,405,192
Demonstration of Donning (Putting On) Personal Protective Equipment (PPE) 200.png,1280,720,Face_Shield,537,190,718,348
Demonstration of Donning (Putting On) Personal Protective Equipment (PPE) 200.png,1280,720,Mask,575,261,685,325
Demonstration of Donning (Putting On) Personal Protective Equipment (PPE) 200.png,1280,720,Coverall,353,204,903,716
frame05291.png,1920,1088,Mask,914,348,1128,564
frame05291.png,1920,1088,Gloves,687,269,880,503
frame05291.png,1920,1088,Gloves,1139,251,1342,444
frame05291.png,1920,1088,Goggles,910,324,1165,440
frame05291.png,1920,1088,Coverall,376,101,1689,1087
Using Personal Protection Equipment (PPE) 147.png,1280,720,Mask,665,172,796,234
hgf.png,1200,800,Gloves,529,454,739,564
hgf.png,1200,800,Gloves,565,548,707,744
hgf.png,1200,800,Face_Shield,291,171,496,519
hgf.png,1200,800,Coverall,3,69,598,800
Demonstration of Donning (Putting On) Personal Protective Equipment (PPE) 210.png,1280,720,Gloves,226,159,527,382
Demonstration of Donning (Putting On) Personal Protective Equipment (PPE) 210.png,1280,720,Coverall,628,13,1277,720
Demonstration of Donning (Putting On) Personal Protective Equipment (PPE) 106.png,1280,720,Coverall,376,261,841,720
Demonstration of Donning (Putting On) Personal Protective Equipment (PPE) 106.png,1280,720,Mask,515,473,652,601
dds.png,361,537,Gloves,251,247,278,289
dds.png,361,537,Gloves,108,242,132,274
dds.png,361,537,Goggles,177,51,222,75
dds.png,361,537,Mask,180,65,220,96
dds.png,361,537,Coverall,110,22,290,488
Using Personal Protection Equipment (PPE) 068.png,1280,720,Coverall,532,181,824,716
Using Personal Protection Equipment (PPE) 068.png,1280,720,Face_Shield,642,104,762,203
Using Personal Protection Equipment (PPE) 068.png,1280,720,Mask,665,151,732,208
Demonstration of Donning (Putting On) Personal Protective Equipment (PPE) 123.png,1280,720,Coverall,515,407,1163,720
Demonstration of Donning (Putting On) Personal Protective Equipment (PPE) 123.png,1280,720,Mask,581,336,735,518
Using Personal Protection Equipment (PPE) 058.png,1280,720,Coverall,606,204,973,720
Using Personal Protection Equipment (PPE) 058.png,1280,720,Face_Shield,678,173,803,251
Using Personal Protection Equipment (PPE) 058.png,1280,720,Mask,716,203,807,249
Using Personal Protection Equipment (PPE) 066.png,1280,720,Coverall,549,198,856,720
Using Personal Protection Equipment (PPE) 066.png,1280,720,Gloves,836,226,891,334
Using Personal Protection Equipment (PPE) 066.png,1280,720,Mask,676,159,748,221
Using Personal Protection Equipment (PPE) 066.png,1280,720,Face_Shield,689,135,755,213
Demonstration of Donning (Putting On) Personal Protective Equipment (PPE) 094.png,1280,720,Coverall,752,173,1031,691
Demonstration of Donning (Putting On) Personal Protective Equipment (PPE) 094.png,1280,720,Goggles,224,512,339,570
Demonstration of Donning (Putting On) Personal Protective Equipment (PPE) 094.png,1280,720,Mask,231,575,302,625
Using Personal Protection Equipment (PPE) 097.png,1280,720,Coverall,431,207,755,720
Using Personal Protection Equipment (PPE) 097.png,1280,720,Gloves,420,334,515,411
Using Personal Protection Equipment (PPE) 097.png,1280,720,Face_Shield,507,135,646,243
Using Personal Protection Equipment (PPE) 097.png,1280,720,Mask,549,175,632,239
Using Personal Protection Equipment (PPE) 045 - Copy.png,1280,720,Coverall,654,190,998,720
Using Personal Protection Equipment (PPE) 045 - Copy.png,1280,720,Mask,731,303,854,372
How to properly wear personal protective equipment for airborne contaminants 277.png,1280,720,Coverall,592,144,794,668
i.png,696,392,Goggles,140,111,204,152
i.png,696,392,Goggles,402,103,481,136
i.png,696,392,Mask,162,134,216,201
i.png,696,392,Mask,400,118,482,188
i.png,696,392,Gloves,465,307,566,364
i.png,696,392,Gloves,484,290,575,342
i.png,696,392,Coverall,1,12,470,391
i.png,696,392,Coverall,325,3,694,389
Using Personal Protection Equipment (PPE) 043 - Copy.png,1280,720,Coverall,497,201,949,720
frame04161.png,1920,1088,Mask,823,337,1057,591
frame04161.png,1920,1088,Gloves,711,436,848,780
frame04161.png,1920,1088,Gloves,1009,430,1174,741
frame04161.png,1920,1088,Coverall,341,618,1519,1088
Demonstration of Donning (Putting On) Personal Protective Equipment (PPE) 212.png,1280,720,Coverall,470,224,810,716
Demonstration of Donning (Putting On) Personal Protective Equipment (PPE) 212.png,1280,720,Gloves,655,330,740,470
Demonstration of Donning (Putting On) Personal Protective Equipment (PPE) 212.png,1280,720,Face_Shield,554,136,724,301
Demonstration of Donning (Putting On) Personal Protective Equipment (PPE) 212.png,1280,720,Mask,596,209,694,268
Demonstration of Donning (Putting On) Personal Protective Equipment (PPE) 157.png,1280,720,Coverall,400,269,820,720
Demonstration of Donning (Putting On) Personal Protective Equipment (PPE) 157.png,1280,720,Mask,571,191,692,287
frame06221.png,1920,1088,Goggles,932,213,1101,299
frame06221.png,1920,1088,Mask,947,254,1082,387
frame06221.png,1920,1088,Gloves,759,509,852,686
frame06221.png,1920,1088,Gloves,1138,542,1228,699
frame06221.png,1920,1088,Coverall,707,107,1355,1086
Demonstration of Donning (Putting On) Personal Protective Equipment (PPE) 188.png,1280,720,Coverall,240,433,944,720
Demonstration of Donning (Putting On) Personal Protective Equipment (PPE) 188.png,1280,720,Mask,493,249,723,418
gwrht.png,626,417,Gloves,124,181,247,351
gwrht.png,626,417,Gloves,244,251,477,402
gwrht.png,626,417,Mask,338,53,432,124
gwrht.png,626,417,Face_Shield,306,2,481,180
gwrht.png,626,417,Coverall,139,1,625,414
How to properly wear personal protective equipment for airborne contaminants 200.png,1280,720,Mask,750,204,1140,513
Demonstration of Donning (Putting On) Personal Protective Equipment (PPE) 193.png,1280,720,Coverall,445,303,911,720
Demonstration of Donning (Putting On) Personal Protective Equipment (PPE) 193.png,1280,720,Mask,492,236,603,321
bv.png,392,182,Mask,87,41,120,72
bv.png,392,182,Mask,168,46,195,67
bv.png,392,182,Mask,265,62,282,77
bv.png,392,182,Mask,345,69,372,85
bv.png,392,182,Goggles,169,42,199,55
bv.png,392,182,Goggles,341,60,374,78
bv.png,392,182,Face_Shield,159,23,206,77
bv.png,392,182,Face_Shield,341,45,380,92
bv.png,392,182,Gloves,115,79,177,118
bv.png,392,182,Gloves,158,97,197,126
bv.png,392,182,Gloves,172,115,204,146
bv.png,392,182,Coverall,1,1,157,181
bv.png,392,182,Coverall,142,21,224,180
bv.png,392,182,Coverall,194,22,392,181
bv.png,392,182,Coverall,343,42,392,123
gt.png,1440,810,Goggles,583,321,986,452
gt.png,1440,810,Mask,606,400,956,744
gt.png,1440,810,Face_Shield,492,157,1059,804
Demonstration of Donning (Putting On) Personal Protective Equipment (PPE) 127.png,1280,720,Coverall,479,378,1132,720
Demonstration of Donning (Putting On) Personal Protective Equipment (PPE) 127.png,1280,720,Mask,524,362,678,522
h.png,626,417,Gloves,12,154,80,242
h.png,626,417,Gloves,177,317,240,379
h.png,626,417,Gloves,339,283,429,346
h.png,626,417,Mask,251,99,315,160
h.png,626,417,Mask,408,125,461,182
h.png,626,417,Face_Shield,221,55,347,194
h.png,626,417,Face_Shield,376,54,505,222
h.png,626,417,Coverall,35,10,334,415
h.png,626,417,Coverall,304,33,622,413
Using Personal Protection Equipment (PPE) 116.png,1280,720,Coverall,527,173,893,720
Using Personal Protection Equipment (PPE) 116.png,1280,720,Face_Shield,663,120,785,226
Using Personal Protection Equipment (PPE) 116.png,1280,720,Mask,687,153,772,227
Demonstration of Donning (Putting On) Personal Protective Equipment (PPE) 133.png,1280,720,Coverall,528,442,1165,714
Demonstration of Donning (Putting On) Personal Protective Equipment (PPE) 133.png,1280,720,Mask,571,268,693,457
Using Personal Protection Equipment (PPE) 109.png,1280,720,Coverall,542,226,833,720
Using Personal Protection Equipment (PPE) 109.png,1280,720,Face_Shield,628,114,767,230
Using Personal Protection Equipment (PPE) 109.png,1280,720,Mask,655,156,754,226
frame06131.png,1920,1088,Gloves,603,863,832,1041
frame06131.png,1920,1088,Gloves,797,776,1029,923
frame06131.png,1920,1088,Goggles,917,269,1043,342
frame06131.png,1920,1088,Mask,975,313,1065,395
frame06131.png,1920,1088,Coverall,812,49,1450,1085
Demonstration of Donning (Putting On) Personal Protective Equipment (PPE) 125.png,1280,720,Mask,546,344,683,512
Demonstration of Donning (Putting On) Personal Protective Equipment (PPE) 125.png,1280,720,Coverall,424,444,1187,720
Demonstration of Donning (Putting On) Personal Protective Equipment (PPE) 108.png,1280,720,Coverall,411,272,833,720
Demonstration of Donning (Putting On) Personal Protective Equipment (PPE) 108.png,1280,720,Mask,557,195,641,307
21fdf.png,3600,2025,Goggles,1520,614,2327,969
21fdf.png,3600,2025,Mask,1579,902,2184,1283
21fdf.png,3600,2025,Face_Shield,1406,345,2386,1633
21fdf.png,3600,2025,Gloves,784,223,1472,1066
21fdf.png,3600,2025,Gloves,2241,369,3122,1252
21fdf.png,3600,2025,Coverall,1,126,3594,2004
Demonstration of Donning (Putting On) Personal Protective Equipment (PPE) 087.png,1280,720,Coverall,722,157,1087,688
Demonstration of Donning (Putting On) Personal Protective Equipment (PPE) 087.png,1280,720,Goggles,237,503,329,565
Demonstration of Donning (Putting On) Personal Protective Equipment (PPE) 087.png,1280,720,Mask,229,578,306,635
Demonstration of Donning (Putting On) Personal Protective Equipment (PPE) 196.png,1280,720,Coverall,337,283,899,720
Demonstration of Donning (Putting On) Personal Protective Equipment (PPE) 196.png,1280,720,Mask,580,225,700,305
Demonstration of Donning (Putting On) Personal Protective Equipment (PPE) 196.png,1280,720,Face_Shield,423,521,744,713
Using Personal Protection Equipment (PPE) 123.png,1280,720,Coverall,548,216,821,720
Using Personal Protection Equipment (PPE) 123.png,1280,720,Mask,552,170,653,246
fhtzd.png,1008,435,Gloves,268,183,380,314
fhtzd.png,1008,435,Gloves,294,301,414,384
fhtzd.png,1008,435,Mask,322,96,423,187
fhtzd.png,1008,435,Goggles,320,60,446,110
fhtzd.png,1008,435,Coverall,132,150,585,431
Using Personal Protection Equipment (PPE) 060.png,1280,720,Coverall,481,226,886,720
Using Personal Protection Equipment (PPE) 060.png,1280,720,Mask,481,192,568,249
Demonstration of Donning (Putting On) Personal Protective Equipment (PPE) 015.png,1280,720,Coverall,487,161,737,690
Demonstration of Donning (Putting On) Personal Protective Equipment (PPE) 015.png,1280,720,Gloves,442,461,519,578
Demonstration of Donning (Putting On) Personal Protective Equipment (PPE) 015.png,1280,720,Gloves,726,461,779,575
Demonstration of Donning (Putting On) Personal Protective Equipment (PPE) 015.png,1280,720,Face_Shield,562,59,676,177
Demonstration of Donning (Putting On) Personal Protective Equipment (PPE) 015.png,1280,720,Mask,596,96,650,170
How to properly wear personal protective equipment for airborne contaminants 185.png,1280,720,Mask,203,275,623,586
How to properly wear personal protective equipment for airborne contaminants 185.png,1280,720,Mask,727,117,1231,529
fr.png,1280,720,Gloves,502,462,755,691
fr.png,1280,720,Gloves,485,441,590,574
fr.png,1280,720,Gloves,631,305,961,547
fr.png,1280,720,Goggles,393,295,555,404
fr.png,1280,720,Goggles,755,234,961,339
fr.png,1280,720,Mask,444,338,543,424
fr.png,1280,720,Mask,790,276,946,374
fr.png,1280,720,Face_Shield,332,228,590,551
fr.png,1280,720,Coverall,298,130,565,720
fr.png,1280,720,Coverall,501,80,960,720
fr.png,1280,720,Coverall,749,31,1164,720
frame06201.png,1920,1088,Gloves,791,417,888,586
frame06201.png,1920,1088,Gloves,1120,407,1215,573
frame06201.png,1920,1088,Goggles,935,209,1103,296
frame06201.png,1920,1088,Mask,956,253,1083,383
frame06201.png,1920,1088,Coverall,693,103,1373,1085
Demonstration of Donning (Putting On) Personal Protective Equipment (PPE) 130.png,1280,720,Coverall,465,274,1160,720
Demonstration of Donning (Putting On) Personal Protective Equipment (PPE) 130.png,1280,720,Mask,557,386,713,548
Demonstration of Donning (Putting On) Personal Protective Equipment (PPE) 078.png,1280,720,Coverall,801,170,1097,709
Demonstration of Donning (Putting On) Personal Protective Equipment (PPE) 078.png,1280,720,Goggles,222,498,353,565
Demonstration of Donning (Putting On) Personal Protective Equipment (PPE) 078.png,1280,720,Face_Shield,61,548,246,592
Demonstration of Donning (Putting On) Personal Protective Equipment (PPE) 078.png,1280,720,Mask,223,586,315,633
ej.png,800,451,Gloves,620,207,684,344
ej.png,800,451,Gloves,276,133,358,283
ej.png,800,451,Goggles,453,120,563,187
ej.png,800,451,Mask,449,151,543,237
ej.png,800,451,Coverall,238,58,702,449
bfhrj.png,1400,700,Goggles,741,161,1101,311
bfhrj.png,1400,700,Mask,774,273,1064,563
bfhrj.png,1400,700,Gloves,1036,143,1349,423
bfhrj.png,1400,700,Coverall,474,1,1395,697
dhre.png,600,400,Gloves,295,263,381,311
dhre.png,600,400,Gloves,301,195,379,236
dhre.png,600,400,Goggles,262,83,318,136
dhre.png,600,400,Mask,260,119,288,145
dhre.png,600,400,Coverall,40,12,322,398
bfhe.png,360,240,Goggles,208,64,256,84
bfhe.png,360,240,Goggles,273,59,317,83
bfhe.png,360,240,Mask,210,75,249,104
bfhe.png,360,240,Mask,279,73,317,103
bfhe.png,360,240,Gloves,214,128,261,164
bfhe.png,360,240,Gloves,192,189,235,212
bfhe.png,360,240,Gloves,270,129,318,177
bfhe.png,360,240,Face_Shield,201,47,261,108
bfhe.png,360,240,Face_Shield,267,41,331,110
bfhe.png,360,240,Coverall,144,21,273,239
bfhe.png,360,240,Coverall,259,20,359,239
frame06551.png,1920,1088,Gloves,442,467,511,580
frame06551.png,1920,1088,Gloves,721,467,780,571
frame06551.png,1920,1088,Gloves,871,424,942,550
frame06551.png,1920,1088,Gloves,1159,442,1244,557
frame06551.png,1920,1088,Mask,573,341,650,413
frame06551.png,1920,1088,Mask,1019,224,1111,318
frame06551.png,1920,1088,Goggles,1005,190,1123,260
frame06551.png,1920,1088,Coverall,850,118,1293,1083
frame06551.png,1920,1088,Coverall,396,241,835,1085
Demonstration of Donning (Putting On) Personal Protective Equipment (PPE) 186.png,1280,720,Coverall,194,399,1074,720
Demonstration of Donning (Putting On) Personal Protective Equipment (PPE) 186.png,1280,720,Mask,524,261,750,425
frame05401.png,1920,1088,Goggles,876,308,1128,421
frame05401.png,1920,1088,Mask,897,358,1103,546
frame05401.png,1920,1088,Gloves,1185,818,1328,1050
frame05401.png,1920,1088,Gloves,617,763,767,1007
frame05401.png,1920,1088,Coverall,491,99,1515,1082
Using Personal Protection Equipment (PPE) 048.png,1280,720,Mask,558,379,862,590
Using Personal Protection Equipment (PPE) 048.png,1280,720,Coverall,298,464,1235,720
Demonstration of Donning (Putting On) Personal Protective Equipment (PPE) 227.png,1280,720,Gloves,280,1,489,218
Demonstration of Donning (Putting On) Personal Protective Equipment (PPE) 227.png,1280,720,Gloves,424,113,610,285
Demonstration of Donning (Putting On) Personal Protective Equipment (PPE) 227.png,1280,720,Coverall,633,4,1276,720
frame05311.png,1920,1088,Mask,905,357,1110,558
frame05311.png,1920,1088,Gloves,693,417,916,658
frame05311.png,1920,1088,Gloves,1080,444,1328,660
frame05311.png,1920,1088,Goggles,879,315,1135,427
frame05311.png,1920,1088,Coverall,421,114,1562,1085
Demonstration of Donning (Putting On) Personal Protective Equipment (PPE) 134.png,1280,720,Coverall,539,465,1126,720
Demonstration of Donning (Putting On) Personal Protective Equipment (PPE) 134.png,1280,720,Mask,532,275,710,460
